chapter,chapter_title,file,bytes,lines,ext
1,Chapter 1,Chapter_01/snippet_001.config,167,3,config
1,Chapter 1,Chapter_01/snippet_002.config,360,2,config
1,Chapter 1,Chapter_01/snippet_003.config,48,1,config
1,Chapter 1,Chapter_01/snippet_004.config,138,3,config
1,Chapter 1,Chapter_01/snippet_005.txt,23,1,txt
1,Chapter 1,Chapter_01/snippet_006.json,225,8,json
1,Chapter 1,Chapter_01/snippet_007.txt,146,4,txt
1,Chapter 1,Chapter_01/snippet_008.txt,94,2,txt
1,Chapter 1,Chapter_01/snippet_009.txt,348,10,txt
1,Chapter 1,Chapter_01/snippet_010.txt,84,3,txt
1,Chapter 1,Chapter_01/snippet_011.txt,66,1,txt
1,Chapter 1,Chapter_01/snippet_012.erl,101,3,erl
1,Chapter 1,Chapter_01/snippet_013.txt,153,3,txt
1,Chapter 1,Chapter_01/snippet_014.config,108,1,config
1,Chapter 1,Chapter_01/snippet_015.json,112,5,json
1,Chapter 1,Chapter_01/snippet_016.json,154,7,json
1,Chapter 1,Chapter_01/snippet_017.config,118,1,config
1,Chapter 1,Chapter_01/snippet_018.erl,79,3,erl
1,Chapter 1,Chapter_01/snippet_019.txt,45,1,txt
1,Chapter 1,Chapter_01/snippet_020.txt,47,1,txt
1,Chapter 1,Chapter_01/snippet_021.txt,77,4,txt
1,Chapter 1,Chapter_01/snippet_022.txt,88,4,txt
1,Chapter 1,Chapter_01/snippet_023.erl,134,4,erl
1,Chapter 1,Chapter_01/snippet_024.txt,252,9,txt
1,Chapter 1,Chapter_01/snippet_025.txt,97,3,txt
1,Chapter 1,Chapter_01/snippet_026.txt,42,1,txt
1,Chapter 1,Chapter_01/snippet_027.config,577,24,config
1,Chapter 1,Chapter_01/snippet_028.txt,52,1,txt
1,Chapter 1,Chapter_01/snippet_029_Dockerfile,40,1,Dockerfile
1,Chapter 1,Chapter_01/snippet_030.txt,58,1,txt
1,Chapter 1,Chapter_01/snippet_031.config,49,2,config
1,Chapter 1,Chapter_01/snippet_032.config,35,2,config
1,Chapter 1,Chapter_01/snippet_033_Dockerfile,61,2,Dockerfile
1,Chapter 1,Chapter_01/snippet_034.txt,48,1,txt
1,Chapter 1,Chapter_01/snippet_035.txt,58,3,txt
1,Chapter 1,Chapter_01/snippet_036.config,419,12,config
1,Chapter 1,Chapter_01/snippet_037.sh,19,1,sh
1,Chapter 1,Chapter_01/snippet_038.txt,120,1,txt
1,Chapter 1,Chapter_01/snippet_039.sh,19,1,sh
1,Chapter 1,Chapter_01/snippet_040.config,27,1,config
1,Chapter 1,Chapter_01/snippet_041.txt,49,1,txt
1,Chapter 1,Chapter_01/snippet_042.config,22,1,config
1,Chapter 1,Chapter_01/snippet_043.txt,60,1,txt
1,Chapter 1,Chapter_01/snippet_044.config,166,3,config
2,Chapter 2,Chapter_02/snippet_001.erl,50,2,erl
2,Chapter 2,Chapter_02/snippet_002.txt,47,1,txt
2,Chapter 2,Chapter_02/snippet_003.txt,45,1,txt
2,Chapter 2,Chapter_02/snippet_004.txt,116,3,txt
2,Chapter 2,Chapter_02/snippet_005.txt,322,12,txt
2,Chapter 2,Chapter_02/snippet_006.txt,129,1,txt
2,Chapter 2,Chapter_02/snippet_007.erl,72,3,erl
2,Chapter 2,Chapter_02/snippet_008.txt,214,7,txt
2,Chapter 2,Chapter_02/snippet_009.txt,62,2,txt
2,Chapter 2,Chapter_02/snippet_010.txt,56,1,txt
2,Chapter 2,Chapter_02/snippet_011.txt,39,1,txt
2,Chapter 2,Chapter_02/snippet_012.txt,114,5,txt
2,Chapter 2,Chapter_02/snippet_013.txt,236,8,txt
2,Chapter 2,Chapter_02/snippet_014.txt,22,1,txt
2,Chapter 2,Chapter_02/snippet_015.txt,119,3,txt
2,Chapter 2,Chapter_02/snippet_016.txt,115,3,txt
2,Chapter 2,Chapter_02/snippet_017.txt,48,2,txt
2,Chapter 2,Chapter_02/snippet_018.erl,19,1,erl
2,Chapter 2,Chapter_02/snippet_019.txt,30,1,txt
2,Chapter 2,Chapter_02/snippet_020.txt,161,7,txt
2,Chapter 2,Chapter_02/snippet_021.txt,42,4,txt
2,Chapter 2,Chapter_02/snippet_022.txt,73,1,txt
2,Chapter 2,Chapter_02/snippet_023.erl,36,2,erl
2,Chapter 2,Chapter_02/snippet_024.txt,65,1,txt
2,Chapter 2,Chapter_02/snippet_025.txt,56,1,txt
2,Chapter 2,Chapter_02/snippet_026.erl,117,4,erl
2,Chapter 2,Chapter_02/snippet_027.txt,65,2,txt
2,Chapter 2,Chapter_02/snippet_028.txt,148,7,txt
2,Chapter 2,Chapter_02/snippet_029.txt,197,8,txt
2,Chapter 2,Chapter_02/snippet_030.txt,71,1,txt
2,Chapter 2,Chapter_02/snippet_031.txt,77,2,txt
2,Chapter 2,Chapter_02/snippet_032.erl,20,1,erl
2,Chapter 2,Chapter_02/snippet_033.txt,24,1,txt
2,Chapter 2,Chapter_02/snippet_034.json,159,4,json
2,Chapter 2,Chapter_02/snippet_035.txt,23,1,txt
2,Chapter 2,Chapter_02/snippet_036.txt,139,3,txt
2,Chapter 2,Chapter_02/snippet_037.txt,127,4,txt
2,Chapter 2,Chapter_02/snippet_038.txt,152,2,txt
2,Chapter 2,Chapter_02/snippet_039.txt,52,1,txt
2,Chapter 2,Chapter_02/snippet_040.txt,100,1,txt
2,Chapter 2,Chapter_02/snippet_041.txt,76,2,txt
2,Chapter 2,Chapter_02/snippet_042.config,72,1,config
2,Chapter 2,Chapter_02/snippet_043.txt,56,1,txt
2,Chapter 2,Chapter_02/snippet_044.txt,63,2,txt
2,Chapter 2,Chapter_02/snippet_045.config,201,2,config
3,Chapter 3,Chapter_03/snippet_001.txt,247,2,txt
3,Chapter 3,Chapter_03/snippet_002.txt,51,1,txt
3,Chapter 3,Chapter_03/snippet_003.txt,42,1,txt
3,Chapter 3,Chapter_03/snippet_004.txt,106,2,txt
3,Chapter 3,Chapter_03/snippet_005.txt,85,2,txt
3,Chapter 3,Chapter_03/snippet_006.txt,24,1,txt
3,Chapter 3,Chapter_03/snippet_007.txt,100,2,txt
3,Chapter 3,Chapter_03/snippet_008.txt,95,2,txt
3,Chapter 3,Chapter_03/snippet_009.txt,118,1,txt
3,Chapter 3,Chapter_03/snippet_010.txt,15,1,txt
3,Chapter 3,Chapter_03/snippet_011.txt,199,10,txt
3,Chapter 3,Chapter_03/snippet_012.txt,541,15,txt
3,Chapter 3,Chapter_03/snippet_013.txt,41,1,txt
3,Chapter 3,Chapter_03/snippet_014.txt,56,1,txt
3,Chapter 3,Chapter_03/snippet_015.txt,20,1,txt
3,Chapter 3,Chapter_03/snippet_016.txt,246,8,txt
3,Chapter 3,Chapter_03/snippet_017.txt,17,1,txt
3,Chapter 3,Chapter_03/snippet_018.txt,134,6,txt
3,Chapter 3,Chapter_03/snippet_019.txt,77,2,txt
3,Chapter 3,Chapter_03/snippet_020.txt,72,1,txt
3,Chapter 3,Chapter_03/snippet_021.txt,40,1,txt
3,Chapter 3,Chapter_03/snippet_022.txt,18,1,txt
3,Chapter 3,Chapter_03/snippet_023.erl,55,3,erl
3,Chapter 3,Chapter_03/snippet_024.txt,65,3,txt
3,Chapter 3,Chapter_03/snippet_025.txt,236,9,txt
3,Chapter 3,Chapter_03/snippet_026.txt,147,5,txt
3,Chapter 3,Chapter_03/snippet_027.erl,61,3,erl
3,Chapter 3,Chapter_03/snippet_028.txt,110,2,txt
3,Chapter 3,Chapter_03/snippet_029.txt,53,1,txt
3,Chapter 3,Chapter_03/snippet_030.txt,363,14,txt
3,Chapter 3,Chapter_03/snippet_031.txt,78,2,txt
3,Chapter 3,Chapter_03/snippet_032.erl,90,4,erl
3,Chapter 3,Chapter_03/snippet_033.txt,172,4,txt
3,Chapter 3,Chapter_03/snippet_034.txt,233,7,txt
3,Chapter 3,Chapter_03/snippet_035.txt,178,1,txt
3,Chapter 3,Chapter_03/snippet_036.txt,81,2,txt
3,Chapter 3,Chapter_03/snippet_037.txt,236,2,txt
3,Chapter 3,Chapter_03/snippet_038.txt,177,1,txt
3,Chapter 3,Chapter_03/snippet_039.txt,178,1,txt
3,Chapter 3,Chapter_03/snippet_040.txt,166,1,txt
4,Chapter 4,Chapter_04/snippet_001.txt,178,2,txt
4,Chapter 4,Chapter_04/snippet_002.txt,74,2,txt
4,Chapter 4,Chapter_04/snippet_003.txt,34,1,txt
4,Chapter 4,Chapter_04/snippet_004.erl,116,3,erl
4,Chapter 4,Chapter_04/snippet_005.erl,210,5,erl
4,Chapter 4,Chapter_04/snippet_006.txt,21,1,txt
4,Chapter 4,Chapter_04/snippet_007.txt,59,1,txt
4,Chapter 4,Chapter_04/snippet_008.txt,50,2,txt
4,Chapter 4,Chapter_04/snippet_009.txt,173,4,txt
4,Chapter 4,Chapter_04/snippet_010.txt,178,5,txt
4,Chapter 4,Chapter_04/snippet_011.txt,36,1,txt
4,Chapter 4,Chapter_04/snippet_012.txt,43,1,txt
4,Chapter 4,Chapter_04/snippet_013.txt,38,1,txt
4,Chapter 4,Chapter_04/snippet_014.erl,155,5,erl
4,Chapter 4,Chapter_04/snippet_015.txt,46,1,txt
4,Chapter 4,Chapter_04/snippet_016.txt,102,3,txt
4,Chapter 4,Chapter_04/snippet_017.txt,41,1,txt
4,Chapter 4,Chapter_04/snippet_018.txt,119,3,txt
4,Chapter 4,Chapter_04/snippet_019.txt,19,1,txt
4,Chapter 4,Chapter_04/snippet_020.txt,45,1,txt
4,Chapter 4,Chapter_04/snippet_021.erl,65,3,erl
4,Chapter 4,Chapter_04/snippet_022.txt,219,5,txt
4,Chapter 4,Chapter_04/snippet_023.erl,71,3,erl
4,Chapter 4,Chapter_04/snippet_024.txt,261,7,txt
4,Chapter 4,Chapter_04/snippet_025.txt,172,8,txt
4,Chapter 4,Chapter_04/snippet_026.txt,69,2,txt
4,Chapter 4,Chapter_04/snippet_027.erl,56,3,erl
4,Chapter 4,Chapter_04/snippet_028.txt,478,17,txt
4,Chapter 4,Chapter_04/snippet_029.txt,33,1,txt
4,Chapter 4,Chapter_04/snippet_030.txt,37,1,txt
5,Chapter 5,Chapter_05/snippet_001.txt,290,6,txt
5,Chapter 5,Chapter_05/snippet_002.txt,43,1,txt
5,Chapter 5,Chapter_05/snippet_003.erl,38,2,erl
5,Chapter 5,Chapter_05/snippet_004.txt,39,1,txt
5,Chapter 5,Chapter_05/snippet_005.txt,42,1,txt
5,Chapter 5,Chapter_05/snippet_006.erl,36,2,erl
5,Chapter 5,Chapter_05/snippet_007.erl,32,2,erl
5,Chapter 5,Chapter_05/snippet_008.txt,25,1,txt
5,Chapter 5,Chapter_05/snippet_009.txt,350,10,txt
5,Chapter 5,Chapter_05/snippet_010.txt,66,2,txt
5,Chapter 5,Chapter_05/snippet_011.txt,129,2,txt
5,Chapter 5,Chapter_05/snippet_012.erl,106,4,erl
5,Chapter 5,Chapter_05/snippet_013.txt,68,1,txt
5,Chapter 5,Chapter_05/snippet_014.txt,79,2,txt
5,Chapter 5,Chapter_05/snippet_015.txt,56,1,txt
5,Chapter 5,Chapter_05/snippet_016.txt,85,2,txt
5,Chapter 5,Chapter_05/snippet_017.txt,36,1,txt
5,Chapter 5,Chapter_05/snippet_018.txt,317,7,txt
5,Chapter 5,Chapter_05/snippet_019.txt,20,1,txt
5,Chapter 5,Chapter_05/snippet_020.txt,670,13,txt
5,Chapter 5,Chapter_05/snippet_021.txt,134,3,txt
5,Chapter 5,Chapter_05/snippet_022.txt,221,4,txt
5,Chapter 5,Chapter_05/snippet_023.txt,78,1,txt
6,Chapter 6,Chapter_06/snippet_001.txt,99,1,txt
6,Chapter 6,Chapter_06/snippet_002.txt,89,1,txt
6,Chapter 6,Chapter_06/snippet_003.json,35,1,json
6,Chapter 6,Chapter_06/snippet_004.json,25,1,json
6,Chapter 6,Chapter_06/snippet_005.json,24,1,json
6,Chapter 6,Chapter_06/snippet_006.erl,178,5,erl
6,Chapter 6,Chapter_06/snippet_007.txt,90,2,txt
6,Chapter 6,Chapter_06/snippet_008.txt,64,1,txt
6,Chapter 6,Chapter_06/snippet_009.txt,166,4,txt
6,Chapter 6,Chapter_06/snippet_010.txt,215,7,txt
6,Chapter 6,Chapter_06/snippet_011.txt,23,1,txt
6,Chapter 6,Chapter_06/snippet_012.txt,50,1,txt
6,Chapter 6,Chapter_06/snippet_013.txt,179,7,txt
6,Chapter 6,Chapter_06/snippet_014.txt,224,8,txt
6,Chapter 6,Chapter_06/snippet_015.txt,37,1,txt
6,Chapter 6,Chapter_06/snippet_016.txt,37,1,txt
6,Chapter 6,Chapter_06/snippet_017.txt,37,1,txt
6,Chapter 6,Chapter_06/snippet_018.txt,153,2,txt
6,Chapter 6,Chapter_06/snippet_019.txt,102,4,txt
6,Chapter 6,Chapter_06/snippet_020.txt,122,4,txt
6,Chapter 6,Chapter_06/snippet_021.txt,132,4,txt
6,Chapter 6,Chapter_06/snippet_022.txt,70,1,txt
6,Chapter 6,Chapter_06/snippet_023.txt,92,4,txt
6,Chapter 6,Chapter_06/snippet_024.erl,130,5,erl
6,Chapter 6,Chapter_06/snippet_025.txt,175,4,txt
6,Chapter 6,Chapter_06/snippet_026.txt,47,2,txt
6,Chapter 6,Chapter_06/snippet_027.txt,161,3,txt
6,Chapter 6,Chapter_06/snippet_028.txt,230,11,txt
6,Chapter 6,Chapter_06/snippet_029.txt,71,2,txt
6,Chapter 6,Chapter_06/snippet_030.txt,34,1,txt
6,Chapter 6,Chapter_06/snippet_031.txt,178,7,txt
6,Chapter 6,Chapter_06/snippet_032.txt,76,3,txt
6,Chapter 6,Chapter_06/snippet_033.erl,55,3,erl
6,Chapter 6,Chapter_06/snippet_034.txt,95,2,txt
6,Chapter 6,Chapter_06/snippet_035.txt,22,1,txt
6,Chapter 6,Chapter_06/snippet_036.txt,355,11,txt
6,Chapter 6,Chapter_06/snippet_037.txt,117,1,txt
6,Chapter 6,Chapter_06/snippet_038.txt,60,4,txt
6,Chapter 6,Chapter_06/snippet_039.txt,114,2,txt
6,Chapter 6,Chapter_06/snippet_040.txt,211,1,txt
6,Chapter 6,Chapter_06/snippet_041.txt,157,1,txt
6,Chapter 6,Chapter_06/snippet_042.txt,150,1,txt
6,Chapter 6,Chapter_06/snippet_043.txt,180,1,txt
6,Chapter 6,Chapter_06/snippet_044.txt,227,2,txt
7,Chapter 7,Chapter_07/snippet_001.erl,32,2,erl
7,Chapter 7,Chapter_07/snippet_002.txt,44,1,txt
7,Chapter 7,Chapter_07/snippet_003.erl,114,4,erl
7,Chapter 7,Chapter_07/snippet_004.txt,150,4,txt
7,Chapter 7,Chapter_07/snippet_005.txt,129,4,txt
7,Chapter 7,Chapter_07/snippet_006.txt,138,4,txt
7,Chapter 7,Chapter_07/snippet_007.txt,131,5,txt
7,Chapter 7,Chapter_07/snippet_008.txt,13,1,txt
7,Chapter 7,Chapter_07/snippet_009.txt,709,26,txt
7,Chapter 7,Chapter_07/snippet_010.txt,85,1,txt
7,Chapter 7,Chapter_07/snippet_011.txt,155,6,txt
7,Chapter 7,Chapter_07/snippet_012.txt,71,2,txt
7,Chapter 7,Chapter_07/snippet_013.txt,82,1,txt
7,Chapter 7,Chapter_07/snippet_014.txt,17,1,txt
7,Chapter 7,Chapter_07/snippet_015.txt,169,4,txt
7,Chapter 7,Chapter_07/snippet_016.txt,242,5,txt
7,Chapter 7,Chapter_07/snippet_017.txt,26,1,txt
7,Chapter 7,Chapter_07/snippet_018.txt,16,1,txt
7,Chapter 7,Chapter_07/snippet_019.txt,76,2,txt
7,Chapter 7,Chapter_07/snippet_020.txt,15,1,txt
7,Chapter 7,Chapter_07/snippet_021.txt,145,4,txt
7,Chapter 7,Chapter_07/snippet_022.txt,251,5,txt
7,Chapter 7,Chapter_07/snippet_023.txt,76,4,txt
7,Chapter 7,Chapter_07/snippet_024.txt,119,5,txt
7,Chapter 7,Chapter_07/snippet_025.txt,235,9,txt
7,Chapter 7,Chapter_07/snippet_026.txt,168,5,txt
7,Chapter 7,Chapter_07/snippet_027.txt,103,1,txt
7,Chapter 7,Chapter_07/snippet_028.txt,65,2,txt
7,Chapter 7,Chapter_07/snippet_029.txt,61,4,txt
7,Chapter 7,Chapter_07/snippet_030.txt,168,5,txt
7,Chapter 7,Chapter_07/snippet_031.txt,36,1,txt
7,Chapter 7,Chapter_07/snippet_032.txt,43,2,txt
7,Chapter 7,Chapter_07/snippet_033.txt,300,6,txt
8,Chapter 8,Chapter_08/snippet_001.txt,73,1,txt
8,Chapter 8,Chapter_08/snippet_002.txt,213,3,txt
8,Chapter 8,Chapter_08/snippet_003.txt,410,5,txt
8,Chapter 8,Chapter_08/snippet_004.txt,37,1,txt
8,Chapter 8,Chapter_08/snippet_005.json,111,3,json
8,Chapter 8,Chapter_08/snippet_006.txt,54,1,txt
8,Chapter 8,Chapter_08/snippet_007.txt,10,1,txt
8,Chapter 8,Chapter_08/snippet_008.txt,96,1,txt
8,Chapter 8,Chapter_08/snippet_009.txt,27,2,txt
8,Chapter 8,Chapter_08/snippet_010.txt,68,1,txt
8,Chapter 8,Chapter_08/snippet_011.txt,287,9,txt
8,Chapter 8,Chapter_08/snippet_012.txt,46,1,txt
8,Chapter 8,Chapter_08/snippet_013.txt,16,1,txt
8,Chapter 8,Chapter_08/snippet_014.txt,40,1,txt
8,Chapter 8,Chapter_08/snippet_015.txt,229,4,txt
8,Chapter 8,Chapter_08/snippet_016.txt,80,2,txt
8,Chapter 8,Chapter_08/snippet_017.txt,17,1,txt
8,Chapter 8,Chapter_08/snippet_018.txt,51,1,txt
8,Chapter 8,Chapter_08/snippet_019.txt,95,1,txt
8,Chapter 8,Chapter_08/snippet_020.txt,263,9,txt
8,Chapter 8,Chapter_08/snippet_021.txt,18,1,txt
8,Chapter 8,Chapter_08/snippet_022.txt,235,3,txt
8,Chapter 8,Chapter_08/snippet_023.txt,88,4,txt
8,Chapter 8,Chapter_08/snippet_024.txt,21,1,txt
8,Chapter 8,Chapter_08/snippet_025.txt,102,3,txt
8,Chapter 8,Chapter_08/snippet_026.txt,202,3,txt
8,Chapter 8,Chapter_08/snippet_027.erl,109,3,erl
8,Chapter 8,Chapter_08/snippet_028.txt,751,18,txt
8,Chapter 8,Chapter_08/snippet_029.txt,132,1,txt
9,Chapter 9,Chapter_09/snippet_001.txt,49,1,txt
9,Chapter 9,Chapter_09/snippet_002.txt,48,1,txt
9,Chapter 9,Chapter_09/snippet_003.txt,107,2,txt
9,Chapter 9,Chapter_09/snippet_004.txt,40,2,txt
9,Chapter 9,Chapter_09/snippet_005.txt,81,2,txt
9,Chapter 9,Chapter_09/snippet_006.txt,18,1,txt
9,Chapter 9,Chapter_09/snippet_007.txt,328,3,txt
9,Chapter 9,Chapter_09/snippet_008.txt,87,1,txt
9,Chapter 9,Chapter_09/snippet_009.erl,155,4,erl
9,Chapter 9,Chapter_09/snippet_010.txt,65,1,txt
9,Chapter 9,Chapter_09/snippet_011.txt,145,4,txt
9,Chapter 9,Chapter_09/snippet_012.txt,156,7,txt
9,Chapter 9,Chapter_09/snippet_013.txt,194,8,txt
9,Chapter 9,Chapter_09/snippet_014.erl,98,4,erl
9,Chapter 9,Chapter_09/snippet_015.txt,156,4,txt
9,Chapter 9,Chapter_09/snippet_016.txt,45,1,txt
9,Chapter 9,Chapter_09/snippet_017.txt,26,1,txt
9,Chapter 9,Chapter_09/snippet_018.txt,116,4,txt
9,Chapter 9,Chapter_09/snippet_019.txt,99,2,txt
9,Chapter 9,Chapter_09/snippet_020.txt,87,3,txt
9,Chapter 9,Chapter_09/snippet_021.txt,151,3,txt
9,Chapter 9,Chapter_09/snippet_022.txt,156,3,txt
9,Chapter 9,Chapter_09/snippet_023.txt,40,1,txt
9,Chapter 9,Chapter_09/snippet_024.txt,41,2,txt
9,Chapter 9,Chapter_09/snippet_025.txt,109,1,txt
9,Chapter 9,Chapter_09/snippet_026.txt,173,3,txt
9,Chapter 9,Chapter_09/snippet_027.txt,93,1,txt
10,Chapter 10,Chapter_10/snippet_001.txt,50,1,txt
10,Chapter 10,Chapter_10/snippet_002.txt,62,1,txt
10,Chapter 10,Chapter_10/snippet_003.txt,60,1,txt
10,Chapter 10,Chapter_10/snippet_004.txt,350,6,txt
10,Chapter 10,Chapter_10/snippet_005.txt,12,1,txt
10,Chapter 10,Chapter_10/snippet_006.txt,222,4,txt
10,Chapter 10,Chapter_10/snippet_007.txt,12,1,txt
10,Chapter 10,Chapter_10/snippet_008.txt,233,9,txt
10,Chapter 10,Chapter_10/snippet_009.txt,12,1,txt
10,Chapter 10,Chapter_10/snippet_010.txt,83,2,txt
10,Chapter 10,Chapter_10/snippet_011.txt,41,1,txt
10,Chapter 10,Chapter_10/snippet_012.txt,119,5,txt
10,Chapter 10,Chapter_10/snippet_013.txt,80,1,txt
10,Chapter 10,Chapter_10/snippet_014.txt,208,6,txt
10,Chapter 10,Chapter_10/snippet_015.txt,79,1,txt
10,Chapter 10,Chapter_10/snippet_016.txt,207,3,txt
10,Chapter 10,Chapter_10/snippet_017.txt,167,3,txt
10,Chapter 10,Chapter_10/snippet_018.txt,177,3,txt
10,Chapter 10,Chapter_10/snippet_019.txt,180,3,txt
10,Chapter 10,Chapter_10/snippet_020.txt,424,5,txt
11,Chapter 11,Chapter_11/snippet_001.txt,103,1,txt
11,Chapter 11,Chapter_11/snippet_002.txt,184,2,txt
11,Chapter 11,Chapter_11/snippet_003.txt,184,3,txt
11,Chapter 11,Chapter_11/snippet_004.txt,100,2,txt
11,Chapter 11,Chapter_11/snippet_005.txt,15,1,txt
11,Chapter 11,Chapter_11/snippet_006.txt,274,12,txt
11,Chapter 11,Chapter_11/snippet_007.txt,14,1,txt
11,Chapter 11,Chapter_11/snippet_008.txt,60,1,txt
11,Chapter 11,Chapter_11/snippet_009.txt,56,1,txt
11,Chapter 11,Chapter_11/snippet_010.txt,79,2,txt
11,Chapter 11,Chapter_11/snippet_011.txt,50,1,txt
11,Chapter 11,Chapter_11/snippet_012.txt,187,1,txt
12,Chapter 12,Chapter_12/snippet_001.txt,68,1,txt
12,Chapter 12,Chapter_12/snippet_002.txt,11,1,txt
12,Chapter 12,Chapter_12/snippet_003.txt,73,2,txt
12,Chapter 12,Chapter_12/snippet_004.json,66,2,json
12,Chapter 12,Chapter_12/snippet_005.txt,14,1,txt
12,Chapter 12,Chapter_12/snippet_006.txt,287,11,txt
12,Chapter 12,Chapter_12/snippet_007.txt,194,8,txt
12,Chapter 12,Chapter_12/snippet_008.txt,101,4,txt
12,Chapter 12,Chapter_12/snippet_009.txt,155,6,txt
12,Chapter 12,Chapter_12/snippet_010.txt,44,1,txt
12,Chapter 12,Chapter_12/snippet_011.txt,258,6,txt
12,Chapter 12,Chapter_12/snippet_012.txt,327,6,txt
12,Chapter 12,Chapter_12/snippet_013.txt,76,1,txt
12,Chapter 12,Chapter_12/snippet_014.txt,315,7,txt
12,Chapter 12,Chapter_12/snippet_015.txt,54,1,txt
12,Chapter 12,Chapter_12/snippet_016.txt,33,1,txt
12,Chapter 12,Chapter_12/snippet_017.txt,123,1,txt
12,Chapter 12,Chapter_12/snippet_018.txt,80,1,txt
12,Chapter 12,Chapter_12/snippet_019.txt,203,8,txt
12,Chapter 12,Chapter_12/snippet_020.txt,140,3,txt
12,Chapter 12,Chapter_12/snippet_021.txt,178,8,txt
13,Chapter 13,Chapter_13/snippet_001.txt,41,1,txt
13,Chapter 13,Chapter_13/snippet_002.txt,77,1,txt
13,Chapter 13,Chapter_13/snippet_003.txt,91,1,txt
13,Chapter 13,Chapter_13/snippet_004.txt,82,1,txt
13,Chapter 13,Chapter_13/snippet_005.txt,170,2,txt
13,Chapter 13,Chapter_13/snippet_006.txt,88,1,txt
13,Chapter 13,Chapter_13/snippet_007.txt,276,8,txt
13,Chapter 13,Chapter_13/snippet_008.txt,49,1,txt
13,Chapter 13,Chapter_13/snippet_009.txt,34,1,txt
13,Chapter 13,Chapter_13/snippet_010.config,205,5,config
13,Chapter 13,Chapter_13/snippet_011.yml,51,5,yml
13,Chapter 13,Chapter_13/snippet_012.yml,650,25,yml
13,Chapter 13,Chapter_13/snippet_013.txt,82,5,txt
13,Chapter 13,Chapter_13/snippet_014.txt,34,2,txt
13,Chapter 13,Chapter_13/snippet_015.config,111,5,config
13,Chapter 13,Chapter_13/snippet_016.config,176,8,config
13,Chapter 13,Chapter_13/snippet_017.config,52,2,config
13,Chapter 13,Chapter_13/snippet_018.config,158,7,config
13,Chapter 13,Chapter_13/snippet_019.config,84,2,config
13,Chapter 13,Chapter_13/snippet_020.config,189,8,config
13,Chapter 13,Chapter_13/snippet_021.config,112,4,config
13,Chapter 13,Chapter_13/snippet_022.txt,197,6,txt
13,Chapter 13,Chapter_13/snippet_023.yml,153,8,yml
13,Chapter 13,Chapter_13/snippet_024.txt,103,1,txt
13,Chapter 13,Chapter_13/snippet_025.txt,136,2,txt
13,Chapter 13,Chapter_13/snippet_026.txt,262,3,txt
13,Chapter 13,Chapter_13/snippet_027.txt,65,1,txt
13,Chapter 13,Chapter_13/snippet_028.txt,208,3,txt
13,Chapter 13,Chapter_13/snippet_029.txt,63,1,txt
13,Chapter 13,Chapter_13/snippet_030.txt,132,3,txt
13,Chapter 13,Chapter_13/snippet_031.txt,129,2,txt
13,Chapter 13,Chapter_13/snippet_032.txt,113,2,txt
13,Chapter 13,Chapter_13/snippet_033.txt,53,1,txt
13,Chapter 13,Chapter_13/snippet_034.txt,43,1,txt
13,Chapter 13,Chapter_13/snippet_035.txt,76,1,txt
13,Chapter 13,Chapter_13/snippet_036.txt,48,1,txt
13,Chapter 13,Chapter_13/snippet_037.txt,48,1,txt
13,Chapter 13,Chapter_13/snippet_038.txt,14,1,txt
13,Chapter 13,Chapter_13/snippet_039.txt,238,3,txt
13,Chapter 13,Chapter_13/snippet_040.config,45,1,config
13,Chapter 13,Chapter_13/snippet_041.txt,328,5,txt
13,Chapter 13,Chapter_13/snippet_042.txt,95,1,txt
13,Chapter 13,Chapter_13/snippet_043.txt,236,2,txt
13,Chapter 13,Chapter_13/snippet_044.txt,164,2,txt
13,Chapter 13,Chapter_13/snippet_045.txt,129,2,txt
13,Chapter 13,Chapter_13/snippet_046.txt,163,2,txt
13,Chapter 13,Chapter_13/snippet_047.txt,194,2,txt
14,Chapter 14,Chapter_14/snippet_001.config,157,1,config
14,Chapter 14,Chapter_14/snippet_002.txt,154,2,txt
14,Chapter 14,Chapter_14/snippet_003.txt,46,1,txt
14,Chapter 14,Chapter_14/snippet_004.txt,43,1,txt
14,Chapter 14,Chapter_14/snippet_005.txt,238,3,txt
14,Chapter 14,Chapter_14/snippet_006.txt,48,1,txt
14,Chapter 14,Chapter_14/snippet_007.txt,91,1,txt
14,Chapter 14,Chapter_14/snippet_008.txt,190,3,txt
14,Chapter 14,Chapter_14/snippet_009.config,87,2,config
14,Chapter 14,Chapter_14/snippet_010.txt,216,2,txt
14,Chapter 14,Chapter_14/snippet_011.txt,149,2,txt
14,Chapter 14,Chapter_14/snippet_012.txt,161,2,txt
14,Chapter 14,Chapter_14/snippet_013.txt,115,2,txt
14,Chapter 14,Chapter_14/snippet_014.txt,146,2,txt
14,Chapter 14,Chapter_14/snippet_015.txt,214,2,txt
15,Chapter 15,Chapter_15/snippet_001.txt,176,1,txt
15,Chapter 15,Chapter_15/snippet_002.txt,202,1,txt
15,Chapter 15,Chapter_15/snippet_003.txt,44,2,txt
15,Chapter 15,Chapter_15/snippet_004.txt,73,1,txt
15,Chapter 15,Chapter_15/snippet_005.txt,84,1,txt
15,Chapter 15,Chapter_15/snippet_006.txt,69,1,txt
15,Chapter 15,Chapter_15/snippet_007.txt,185,3,txt
15,Chapter 15,Chapter_15/snippet_008.txt,67,1,txt
15,Chapter 15,Chapter_15/snippet_009.txt,123,1,txt
15,Chapter 15,Chapter_15/snippet_010.txt,202,2,txt
15,Chapter 15,Chapter_15/snippet_011.txt,71,1,txt
15,Chapter 15,Chapter_15/snippet_012.txt,81,1,txt
15,Chapter 15,Chapter_15/snippet_013.txt,64,1,txt
15,Chapter 15,Chapter_15/snippet_014.txt,76,1,txt
15,Chapter 15,Chapter_15/snippet_015.txt,49,1,txt
15,Chapter 15,Chapter_15/snippet_016.config,90,2,config
